{"cameraMode":{"drawMode":0,"name":"Shaded","section":"Shading Mode"},"sceneLighting":false,"audioPlay":false,"sceneViewState":{"m_AlwaysRefresh":false,"showFog":true,"showSkybox":false,"showFlares":true,"showImageEffects":true,"showParticleSystems":true,"showVisualEffectGraphs":true,"m_FxEnabled":true},"in2DMode":false,"pivot":{"x":1.9126452207565308,"y":74.65967559814453,"z":-44.56037139892578},"rotation":{"x":-0.4818425178527832,"y":0.009721286594867707,"z":-0.0053529501892626289,"w":-0.8761453628540039},"size":0.8933924436569214,"orthographic":false}