{"count":1,"self":2335.2942592,"total":10863.7708649,"children":{"InitializeActuators":{"count":18,"self":0.002005,"total":0.002005,"children":null},"InitializeSensors":{"count":18,"self":0.0030004999999999997,"total":0.0030004999999999997,"children":null},"AgentSendState":{"count":2801784,"self":735.24736,"total":982.1325953999999,"children":{"CollectObservations":{"count":10086642,"self":4.2378776,"total":4.2378776999999994,"children":null},"WriteActionMask":{"count":10086642,"self":4.3145852,"total":4.3145853,"children":null},"RequestDecision":{"count":10086642,"self":17.115216,"total":238.33277759999999,"children":{"AgentInfo.ToProto":{"count":10086642,"self":14.258307199999999,"total":221.2175622,"children":{"GenerateSensorData":{"count":10086642,"self":167.6553344,"total":206.9592552,"children":{"RayPerceptionSensor.Perceive":{"count":30259926,"self":39.30392,"total":39.3039211,"children":null}}}}}}}}},"DecideAction":{"count":2801784,"self":7337.8250751999994,"total":7337.8253655,"children":null},"AgentAct":{"count":2801784,"self":207.2633472,"total":207.2633495,"children":null},"AgentInfo.ToProto":{"count":46364,"self":0.1374185,"total":1.2492440999999999,"children":{"GenerateSensorData":{"count":46364,"self":0.8895029,"total":1.1118256,"children":{"RayPerceptionSensor.Perceive":{"count":139092,"self":0.22232269999999998,"total":0.22232269999999998,"children":null}}}}}},"gauges":{"Dodgeball.CumulativeReward":{"count":46364,"max":5.49501228,"min":-1.74499834,"runningAverage":0.45779717,"value":0.459999949,"weightedAverage":0.515084565}},"metadata":{"timer_format_version":"0.1.0","start_time_seconds":"1717675838","unity_version":"2022.3.11f1","command_line_arguments":"C:\\Program Files\\Unity\\Hub\\Editor\\2022.3.11f1\\Editor\\Unity.exe -projectpath C:\\Users\\goodo\\Documents\\Programming\\Unity\\ML Dodgeball -useHub -hubIPC -cloudEnvironment production -licensingIpc LicenseClient-cFYu3rjfF-2XI8d4jhxKI -hubSessionId 2b5137b3-9c02-4fbc-96a3-080966a9fcf0 -accessToken wuHtV2Q1DenJnt6y0q3i0ajszxpcEPpjTqd6dbzLkfA005f","communication_protocol_version":"1.5.0","com.unity.ml-agents_version":"2.0.1","scene_name":"1v1_training","end_time_seconds":"1717686701"}}